10	1.9890999999999999e+30	0.011284621231960834	0	0	5.6423106159804172e-05	0	0	5.6115600231233239e+23	0	0	3.2849999999999999e+23	58343998440.068924	9574000	0	-7.7996553779289171	47870	0	-1.2810933958248245e+22	0	0	4.8670000000000001e+24	107711999542.32776	7004000	0	-2.2883611829300157	35020	0	-5.5687269386601938e+22	0	0	5.9720000000000003e+24	149599999764.06754	5956000	0	-1.1796622593598209	29780	0	-3.5224715064484257e+22	0	0	6.3899999999999998e+23	227391999897.31845	4826000	0	-0.51340770037119177	24130	0	-1.6403376026859576e+21	0	0	1.8979999999999999e+27	777919999991.22876	2614000	0	-0.043855922269110018	13070	0	-4.1619270233385406e+23	0	0	5.6830000000000001e+26	1433169999997.4031	1936000	0	-0.012984791799430328	9680	0	-3.6896285898081277e+22	0	0	8.6810000000000007e+25	2875309999999.356	1360000	0	-0.003220373873927632	6800	0	-1.3978032799782886e+21	0	0	1.0239999999999999e+26	4495479999999.7363	1086000	0	-0.0013168658543929544	5430	0	-6.7423531744919264e+20	0	0	7.3419999999999997e+22	149983999655.83249	6160400	0	-1.720837567281595	30802	0	-6.3171947094907355e+20	0	0
10	1.9890999999999999e+30	14.963404381520689	0.0038380038733821053	0	0.0028775771035802903	1.1071158057001596e-06	0	5.6115522762060307e+23	4.3179617872371771e+20	0	3.2849999999999999e+23	58341931542.475349	488268342.82624316	0	-397.77811876003136	47868.368126249945	0	-1.281051378011789e+22	-1.0511132629483836e+20	0	4.8670000000000001e+24	107711393127.11113	357203342.26185536	0	-116.70622711164069	35019.810267896595	0	-5.5686989799268672e+22	-1.8106381913292236e+20	0	5.9720000000000003e+24	149599687153.5686	303755806.87492657	0	-60.162775289103216	29779.944290754855	0	-3.5224715172117194e+22	-6.5234700813019922e+19	0	6.3899999999999998e+23	227391863844.28979	246125951.83189774	0	-26.183788075536715	24129.986105355543	0	-1.6403367206710031e+21	-1.740917078885986e+18	0	1.8979999999999999e+27	777919988369.4093	133313999.34830599	0	-2.2366520257201903	13069.999812011347	0	-4.1619269669031092e+23	-6.9961267065020768e+19	0	5.6830000000000001e+26	1433169996556.4329	98735999.923089698	0	-0.66222438126220429	9679.9999778143283	0	-3.689628581230688e+22	-2.472179825894721e+18	0	8.6810000000000007e+25	2875309999145.9575	69359999.993307456	0	-0.16423906755490966	6799.9999980694602	0	-1.3978032795816003e+21	-32860816858647996	0	1.0239999999999999e+26	4495479999650.7676	55385999.998601899	0	-0.067160158572379183	5429.9999995967	0	-6.7423531739872087e+20	-8097623929055191	0	7.3419999999999997e+22	149983543641.94458	314178913.88544649	0	-87.759580213211152	30801.571320931936	0	-6.3165104883015601e+20	-6.1710100723479163e+18	0
10	1.9890999999999999e+30	58.127029911428728	0.029818246564443453	0	0.0056987230693010434	4.3850242521649383e-06	0	5.6115283942236946e+23	8.6358330963721925e+20	0	3.2849999999999999e+23	58335964972.552147	966930048.54270017	0	-787.73021320849966	47863.536607108661	0	-1.2809219020761053e+22	-2.1021559776012357e+20	0	4.8670000000000001e+24	107709642538.28224	707398889.8876425	0	-231.1229078455307	35019.24851382192	0	-5.5686127375472889e+22	-3.6212591499246567e+20	0	5.9720000000000003e+24	149598784711.93793	601554499.55504858	0	-119.14588865829319	29779.779344793405	0	-3.5224715447599983e+22	-1.3047287769355785e+20	0	6.3899999999999998e+23	227391471087.57864	487425625.77095413	0	-51.854139977275864	24129.944966324227	0	-1.6403340005445856e+21	-3.4818323594856663e+18	0	1.8979999999999999e+27	777919954819.62915	264013994.9368389	0	-4.4294480678452732	13069.999255417499	0	-4.1619267928964774e+23	-1.3992253228767651e+20	0	5.6830000000000001e+26	1433169986623.0676	195535999.40246591	0	-1.3114639676176496	9679.9999121273413	0	-3.6896285548463671e+22	-4.9443596442694021e+18	0	8.6810000000000007e+25	2875309996682.3716	137359999.94800413	0	-0.32525776114179517	6799.9999923535479	0	-1.397803278361062e+21	-65721633718171000	0	1.0239999999999999e+26	4495479998643.3652	109685999.98913783	0	-0.1330034512802187	5429.9999984026181	0	-6.7423531724348287e+20	-16195247859863602	0	7.3419999999999997e+22	149982227322.47577	622188855.05641663	0	-173.77910497755479	30800.302348781785	0	-6.3144014427487155e+20	-1.2338278018062506e+19	0
10	1.9890999999999999e+30	129.50203952481385	0.099648337153470115	0	0.0085198528918084479	9.8336552341749068e-06	0	5.6114883781849441e+23	1.2953517912741055e+21	0	3.2849999999999999e+23	58326099129.764297	1445527122.1930952	0	-1177.629316512953	47855.505773400779	0	-1.2807049772744091e+22	-3.1530533853080329e+20	0	4.8670000000000001e+24	107706747793.80029	1057586922.6823853	0	-345.53720586431905	35018.314743243362	0	-5.5684682122674074e+22	-5.4318444891180814e+20	0	5.9720000000000003e+24	149597292439.17102	899350985.63262486	0	-178.12900251416119	29779.505153153335	0	-3.5224715713427383e+22	-1.9571820826071646e+20	0	6.3899999999999998e+23	227390821627.61636	728724749.37349701	0	-77.524434640170327	24129.876582949466	0	-1.6403294423094529e+21	-5.2227439255678884e+18	0	1.8979999999999999e+27	777919899341.88928	394713983.07954699	0	-6.622243986699579	13069.998330218466	0	-4.1619265013186692e+23	-2.098837937070623e+20	0	5.6830000000000001e+26	1433169970197.3059	292335998.00311559	0	-1.9607035477324091	9679.9998029390372	0	-3.6896285106551868e+22	-7.4165394469125304e+18	0	8.6810000000000007e+25	2875309992608.5981	205359999.82623622	0	-0.48627645453968149	6799.9999828522623	0	-1.397803276316673e+21	-98582450578249232	0	1.0239999999999999e+26	4495479996977.5303	163985999.9637	0	-0.19884674396768037	5429.9999964177505	0	-6.7423531698347822e+20	-24292871794093136	0	7.3419999999999997e+22	149980050988.54242	930181824.13570642	0	-259.76001630877073	30798.193868448259	0	-6.3108693562046061e+20	-1.8497843168862564e+19	0
10	1.9890999999999999e+30	229.08823042363537	0.2350349374985945	0	0.011340958460283936	1.7452890378873276e-05	0	5.6114322298314147e+23	1.727092023357316e+21	0	3.2849999999999999e+23	58312334679.780884	1924027573.2899771	0	-1567.4488103232748	47844.276183510374	0	-1.2804006195775352e+22	-4.2037307390689522e+20	0	4.8670000000000001e+24	107702708923.59981	1407763720.525048	0	-459.94792366886873	35017.008965406167	0	-5.5682654053883043e+22	-7.2423758224844299e+20	0	5.9720000000000003e+24	149595210335.26401	1197144172.5789127	0	-237.11211659817212	29779.121700722604	0	-3.5224715665112495e+22	-2.6097435933988255e+20	0	6.3899999999999998e+23	227389915465.12222	970023050.19644153	0	-103.19464329886097	24129.78095530469	0	-1.6403230459703759e+21	-6.9636498609031844e+18	0	1.8979999999999999e+27	777919821936.19104	525413960.09037828	0	-8.815039720338337	13069.997036414279	0	-4.1619260921696914e+23	-2.798450493622678e+20	0	5.6830000000000001e+26	1433169947279.1489	389135995.29002541	0	-2.6099431184731254	9679.9996502494159	0	-3.6896284486571318e+22	-9.8887192256124396e+18	0	8.6810000000000007e+25	2875309986924.6382	273359999.59015012	0	-0.6472951476536658	6799.9999695656061	0	-1.3978032734484318e+21	-1.3144326743856219e+17	0	1.0239999999999999e+26	4495479994653.2617	218285999.91438034	0	-0.26469003662453305	5429.9999936421009	0	-6.7423531661870681e+20	-32390495733411548	0	7.3419999999999997e+22	149977015125.06177	1238149432.3440533	0	-345.68295181594766	30795.247203599243	0	-6.3059172879267987e+20	-2.4645755650139656e+19	0
10	1.9890999999999999e+30	356.88531870678412	0.45768327959588179	0	0.014162031664972432	2.7242563053465988e-05	0	5.6113599516376405e+23	2.1587944074702427e+21	0	3.2849999999999999e+23	58294672554.426086	2402399418.090106	0	-1957.1620821932922	47829.848623335201	0	-1.280008851668971e+22	-5.2541133100931036e+20	0	4.8670000000000001e+24	107697525969.58997	1757925563.4063158	0	-574.35386379259387	35015.331193333281	0	-5.5680043187662844e+22	-9.0528347639932191e+20	0	5.9720000000000003e+24	149592538400.21841	1494932967.6827793	0	-296.09523003409709	29778.628966262477	0	-3.5224714872068455e+22	-3.2624498123037665e+20	0	6.3899999999999998e+23	227388752601.10278	1211320255.7975898	0	-128.86473718807946	24129.658083493323	0	-1.6403148115341526e+21	-8.7045482492649431e+18	0	1.8979999999999999e+27	777919722602.53662	656113922.28328156	0	-11.00783520681679	13069.99537400497	0	-4.1619255654495696e+23	-3.498062972923769e+20	0	5.6830000000000001e+26	1433169917868.5959	485935990.8281824	0	-3.2591826767064425	9679.9994540584812	0	-3.6896283688522161e+22	-1.2360898972157387e+19	0	8.6810000000000007e+25	2875309979630.4917	341359999.20189202	0	-0.80831384038884535	6799.9999524935774	0	-1.3978032697563409e+21	-1.6430408429878829e+17	0	1.0239999999999999e+26	4495479991670.5605	272585999.83327121	0	-0.33053332924054574	5429.9999900756666	0	-6.7423531614916929e+20	-40488119679486472	0	7.3419999999999997e+22	149973120410.33234	1546083306.8789444	0	-431.5285995896582	30791.464214802814	0	-6.2995495642426861e+20	-3.0778082113456505e+19	0
10	1.9890999999999999e+30	512.89293938259561	0.78929668303362199	0	0.01698306439755078	3.9202458376295147e-05	0	5.6112715468107916e+23	2.5904493477276072e+21	0	3.2849999999999999e+23	58273113951.609718	2880610681.8692689	0	-2346.7425276238655	47812.224106221176	0	-1.2795297029425906e+22	-6.3041263943544236e+20	0	4.8670000000000001e+24	107691198985.65443	2108068731.4663675	0	-688.753828812866	35013.281443825326	0	-5.5676849548128168e+22	-1.0863202928159899e+21	0	5.9720000000000003e+24	149589276634.04858	1792716277.9895923	0	-355.07834111787344	29778.026922439985	0	-3.5224712778850801e+22	-3.9153370205646212e+20	0	6.3899999999999998e+23	227387333036.8526	1452616093.7359316	0	-154.53468754267996	24129.507967648733	0	-1.6403047390096057e+21	-1.0445437174430593e+19	0	1.8979999999999999e+27	777919601340.92883	786813865.97220564	0	-13.200630384190186	13069.993342990589	0	-4.1619249211583284e+23	-4.1976753553646295e+20	0	5.6830000000000001e+26	1433169881965.6475	582735984.18257332	0	-3.9084222192990041	9679.9992143662294	0	-3.6896282712404411e+22	-1.4833078678335402e+19	0	8.6810000000000007e+25	2875309970726.1582	409359998.62360811	0	-0.96933253265031705	6799.9999316361755	0	-1.3978032652403988e+21	-1.9716490115860474e+17	0	1.0239999999999999e+26	4495479988029.4268	326885999.71246493	0	-0.39637662180548722	5429.9999857184494	0	-6.7423531557486526e+20	-48585743633985248	0	7.3419999999999997e+22	149968367715.44058	1853975096.270776	0	-517.277715377503	30786.847296882719	0	-6.2917717661213668e+20	-3.6890911385690845e+19	0
10	1.9890999999999999e+30	697.11064638504797	1.2515760725745557	0	0.019804048551495958	5.3332313231284514e-05	0	5.6111670192903771e+23	3.0220472514460003e+21	0	3.2849999999999999e+23	58247660335.237366	3358629401.1963339	0	-2736.1635521051749	47791.403872876741	0	-1.2789632094996554e+22	-7.3536953191442455e+20	0	4.8670000000000001e+24	107683728037.65103	2458189505.0326548	0	-803.14662136242134	35010.8597374604	0	-5.5673073164945109e+22	-1.2673461930197144e+21	0	5.9720000000000003e+24	149585425036.79111	2090493010.2404861	0	-414.06144710984779	29777.315535869864	0	-3.5224708706755536e+22	-4.5684412222986545e+20	0	6.3899999999999998e+23	227385656773.95358	1693910291.5719435	0	-180.20446559767097	24129.330607934331	0	-1.6402928284075822e+21	-1.2186314720182764e+19	0	1.8979999999999999e+27	777919458151.37195	917513787.47110033	0	-15.393425190513794	13069.990943371187	0	-4.1619241592959962e+23	-4.8972876213358723e+20	0	5.6830000000000001e+26	1433169839570.3037	679535974.918185	0	-4.5576617431174569	9679.998931172664	0	-3.6896281558218139e+22	-1.7305258335934304e+19	0	8.6810000000000007e+25	2875309960211.6372	477359997.8174448	0	-1.1303512243431795	6799.9999069934011	0	-1.3978032599006068e+21	-2.3002571801768698e+17	0	1.0239999999999999e+26	4495479983729.8594	381185999.54405326	0	-0.46221991430912635	5429.9999805704483	0	-6.74235314895795e+20	-56683367598574872	0	7.3419999999999997e+22	149962758103.49792	2161816475.7086635	0	-602.91113956560389	30781.399375511985	0	-6.2825907131885774e+20	-4.2980360006675784e+19	0
10	1.9890999999999999e+30	909.53791259364129	1.8662194958997418	0	0.022624976022453221	6.9631816285754876e-05	0	5.6110463737479047e+23	3.4535785298140793e+21	0	3.2849999999999999e+23	58218313435.100044	3836423626.206367	0	-3125.398573157991	47767.389391267388	0	-1.2783094141451103e+22	-8.4027454496198033e+20	0	4.8670000000000001e+24	107675113203.41054	2808284164.6576729	0	-917.53104414076847	35008.066098593932	0	-5.5668714073331652e+22	-1.4483593386166497e+21	0	5.9720000000000003e+24	149580983608.5162	2388262070.812088	0	-473.04454402999272	29776.494767165601	0	-3.5224701855761443e+22	-5.2217980905082854e+20	0	6.3899999999999998e+23	227383723814.27542	1935202576.8678875	0	-205.87404258824671	24129.126004543476	0	-1.6402790797409552e+21	-1.3927178970310476e+19	0	1.8979999999999999e+27	777919293033.86829	1048213683.0939158	0	-17.586219563842896	13069.988175146837	0	-4.1619232798626306e+23	-5.5968997512280185e+20	0	5.6830000000000001e+26	1433169790682.5649	776335962.60000408	0	-5.2069012450284422	9679.9986044777852	0	-3.6896280225963391e+22	-1.9777437936741614e+19	0	8.6810000000000007e+25	2875309948086.9297	545359996.74554849	0	-1.291369915372528	6799.999878565256	0	-1.3978032537369651e+21	-2.6288653487570838e+17	0	1.0239999999999999e+26	4495479978771.8604	435485999.32012862	0	-0.52806320674123242	5429.9999746316635	0	-6.7423531411195809e+20	-64780991574922064	0	7.3419999999999997e+22	149956292828.70856	2469599152.3283749	0	-688.40981391833327	30775.123903061605	0	-6.2720144442990435e+20	-4.9042577628316787e+19	0
10	1.9890999999999999e+30	1150.1741298569555	2.6549216415477641	0	0.025445838708603924	8.8100608011607966e-05	0	5.6109096155863561e+23	3.8850335985621774e+21	0	3.2849999999999999e+23	58185075246.743454	4313961422.872571	0	-3514.4210223736927	47740.182356490266	0	-1.2775683663831432e+22	-9.4512021953474645e+20	0	4.8670000000000001e+24	107665354572.73669	3158348991.1567392	0	-1031.905899925591	35004.900555358559	0	-5.5663772314056566e+22	-1.629357891312952e+21	0	5.9720000000000003e+24	149575952349.34085	2686022365.6568036	0	-532.02762645665973	29775.564570999253	0	-3.5224691306804439e+22	-5.8754429147388969e+20	0	6.3899999999999998e+23	227381534159.97559	2176492677.1881137	0	-231.54338974981931	24128.894157699549	0	-1.6402634930246173e+21	-1.5668028008610286e+19	0	1.8979999999999999e+27	777919105988.42334	1178913549.154603	0	-19.779013442232817	13069.985038317609	0	-4.1619222828582652e+23	-6.2965117254313666e+20	0	5.6830000000000001e+26	1433169735302.4312	873135946.79301822	0	-5.8561407218986119	9679.9982342815947	0	-3.6896278715640243e+22	-2.2249617472544575e+19	0	8.6810000000000007e+25	2875309934352.0356	613359995.37006521	0	-1.4523886056434614	6799.9998463517377	0	-1.397803246749473e+21	-2.9574735173233978e+17	0	1.0239999999999999e+26	4495479973155.4277	489785999.03278297	0	-0.59390649909157411	5429.9999679020948	0	-6.742353132233552e+20	-72878615564693008	0	7.3419999999999997e+22	149948973335.27194	2777314870.4550376	0	-773.7547980302113	30768.024853724954	0	-6.2600521947902181e+20	-5.5073752249000174e+19	0
10	1.9890999999999999e+30	1419.0186090198861	3.6393733570829285	0	0.028266628511033176	0.00010873828070987477	0	5.6107567509397284e+23	4.3164028786313968e+21	0	3.2849999999999999e+23	58147948031.317032	4791210875.2768831	0	-3903.2043474528314	47709.784690628774	0	-1.2767401224120293e+22	-1.0498991016839964e+21	0	4.8670000000000001e+24	107654452247.40491	3508380265.6457534	0	-1146.2699915841572	35001.363139663838	0	-5.5658247933439806e+22	-1.8103400129299473e+21	0	5.9720000000000003e+24	149570331259.44446	2983772800.2437549	0	-591.01068732941326	29774.524896170136	0	-3.5224676024366309e+22	-6.5294105506249769e+20	0	6.3899999999999998e+23	227379087813.49893	2417780320.0993586	0	-257.21247831804988	24128.635067655898	0	-1.6402460682754927e+21	-1.7408859918887561e+19	0	1.8979999999999999e+27	777918897015.0426	1309613381.9671137	0	-21.971806763738876	13069.981532883594	0	-4.1619211682829557e+23	-6.9961235243360584e+20	0	5.6830000000000001e+26	1433169673429.9028	969935927.06221318	0	-6.505380170594611	9679.9978205840926	0	-3.6896277027248786e+22	-2.4721796935129985e+19	0	8.6810000000000007e+25	2875309919006.9541	681359993.65314174	0	-1.6134072950610765	6799.9998103528469	0	-1.3978032389381331e+21	-3.2860816858724973e+17	0	1.0239999999999999e+26	4495479966880.5615	544085998.67410886	0	-0.65974979134992007	5429.9999603817432	0	-6.7423531222998581e+20	-80976239569553392	0	7.3419999999999997e+22	149940801256.12149	3084955416.7935038	0	-858.92728544593251	30760.106717942093	0	-6.2467143705855984e+20	-6.1070115259174912e+19	0
10	1.9890999999999999e+30	1716.0705799545608	4.8412611675261088	0	0.031087337334097201	0.00013154437853862629	0	5.6105877866724094e+23	4.7476767968419937e+21	0	3.2849999999999999e+23	58106934315.402237	5268140087.8789968	0	-4291.7220142420128	47676.198542587401	0	-1.2758247451182617e+22	-1.1546037432086673e+21	0	4.8670000000000001e+24	107642406341.16133	3858374269.578979	0	-1260.6221220847228	34997.453887196047	0	-5.5652140983352071e+22	-1.9913038654192767e+21	0	5.9720000000000003e+24	149564120339.0864	3281512279.5004215	0	-649.993717756455	29773.375685681574	0	-3.5224654859364022e+22	-7.1837353715639439e+20	0	6.3899999999999998e+23	227376384777.57816	2659065233.1710439	0	-282.88127952888084	24128.348734695846	0	-1.6402268055125253e+21	-1.9149672784957542e+19	0	1.8979999999999999e+27	777918666113.73145	1440313177.8454001	0	-24.164599466416451	13069.977658844886	0	-4.1619199361367624e+23	-7.6957351283320436e+20	0	5.6830000000000001e+26	1433169605064.98	1066735902.9725766	0	-7.1546195879830936	9679.9973633852824	0	-3.6896275160789143e+22	-2.7193976316284342e+19	0	8.6810000000000007e+25	2875309902051.6855	749359991.55692351	0	-1.7744259835304708	6799.9997705685846	0	-1.3978032303029449e+21	-3.614689854401031e+17	0	1.0239999999999999e+26	4495479959947.2637	598385998.23619854	0	-0.72559308350603957	5429.9999520706069	0	-6.742353111318507e+20	-89073863591168640	0	7.3419999999999997e+22	149931778411.50485	3392512625.5594916	0	-943.90861940661068	30751.374496151482	0	-6.2320125192944969e+20	-6.7027946274177311e+19	0
10	1.9890999999999999e+30	2041.3291915949114	6.2822667940818269	0	0.033907957085790336	0.00015651839754424253	0	5.6104027303784974e+23	5.1788457865609898e+21	0	3.2849999999999999e+23	58062036890.820885	5744717187.7836695	0	-4679.9475087688761	47639.426287906586	0	-1.2748223040699559e+22	-1.259226702307593e+21	0	4.8670000000000001e+24	107629216979.72194	4208327284.7867975	0	-1374.9610945079355	34993.172837417827	0	-5.5645451521214304e+22	-2.1722476108780473e+21	0	5.9720000000000003e+24	149557319588.62503	3579239707.7551169	0	-708.97670682713454	29772.116876825596	0	-3.5224626552320043e+22	-7.8384512227340675e+20	0	6.3899999999999998e+23	227373425055.23361	2900347143.9755802	0	-308.54976461856677	24128.03515913272	0	-1.6402057047566833e+21	-2.0890464690646643e+19	0	1.8979999999999999e+27	777918413284.49695	1571012933.1034157	0	-26.357391488320957	13069.973416201583	0	-4.1619185864197452e+23	-8.3953465178089941e+20	0	5.6830000000000001e+26	1433169530207.6631	1163535874.0890963	0	-7.8038589709307091	9679.9968626851623	0	-3.6896273116261352e+22	-2.9666155607793562e+19	0	8.6810000000000007e+25	2875309883486.2305	817359989.04355741	0	-1.9354446709567428	6799.999726998949	0	-1.3978032208439078e+21	-3.9432980229056147e+17	0	1.0239999999999999e+26	4495479952355.5322	652685997.71114373	0	-0.79143637554970148	5429.9999429686886	0	-6.7423530992894974e+20	-97171487631203008	0	7.3419999999999997e+22	149921906807.40811	3699978383.5449543	0	-1028.6803081826263	30741.833691899363	0	-6.2159592985039379e+20	-7.2943577732681327e+19	0
10	1.9890999999999999e+30	2394.7935119749386	7.9840666731951071	0	0.036728479678111714	0.00018365978569603528	0	5.6102015903810945e+23	5.6099002883689425e+21	0	3.2849999999999999e+23	58013258814.422913	6220910327.0060387	0	-5067.8543392749671	47599.470528557766	0	-1.2737328755095437e+22	-1.3637605442308562e+21	0	4.8670000000000001e+24	107614884300.77136	4558235593.5134792	0	-1489.2857120582389	34988.520033567867	0	-5.5638179609997497e+22	-2.3531694115639866e+21	0	5.9720000000000003e+24	149549929008.53879	3876953988.6803446	0	-767.95964142998685	29770.748401275156	0	-3.5224589736791966e+22	-8.4935913776538137e+20	0	6.3899999999999998e+23	227370208649.7731	3141625780.0886631	0	-334.21790482370676	24127.69434130986	0	-1.6401827660309581e+21	-2.2631233719793582e+19	0	1.8979999999999999e+27	777918138527.34583	1701712644.0551157	0	-28.55018276750781	13069.968804953838	0	-4.1619171191319851e+23	-9.0949576731563917e+20	0	5.6830000000000001e+26	1433169448857.9526	1260335839.9767568	0	-8.4530983163041089	9679.9963184837361	0	-3.6896270893665592e+22	-3.2138334801443103e+19	0	8.6810000000000007e+25	2875309863310.5889	885359986.07518959	0	-2.0964633572449887	6799.9996796439418	0	-1.3978032105610255e+21	-4.2719061913828333e+17	0	1.0239999999999999e+26	4495479944105.3682	706985997.09103668	0	-0.85727966747067497	5429.9999330759847	0	-6.7423530862128293e+20	-1.0526911169132045e+17	0	7.3419999999999997e+22	149911188633.82947	4007344635.1114025	0	-1113.2240399563896	30731.490304340361	0	-6.1985684414718188e+20	-7.8813399241012953e+19	0
10	1.9890999999999999e+30	2776.4625282706179	9.9683314759716861	0	0.03954889702743157	0.00021296794292422153	0	5.6099843757314472e+23	6.0408307507257493e+21	0	3.2849999999999999e+23	57960603407.853897	6696687684.7347898	0	-5455.4160382462405	47556.334092718716	0	-1.2725565423457443e+22	-1.4681978419301552e+21	0	4.8670000000000001e+24	107599408453.96129	4908095478.4549351	0	-1603.5947780752772	34983.495522660698	0	-5.5630325318222457e+22	-2.5340674299106264e+21	0	5.9720000000000003e+24	149541948599.44934	4174654025.2370939	0	-826.94250607672541	29769.270185183384	0	-3.5224542943040145e+22	-9.149188497462176e+20	0	6.3899999999999998e+23	227366735564.79218	3382900869.089572	0	-359.88567138127587	24127.326281600544	0	-1.6401579893603686e+21	-2.4371977956250628e+19	0	1.8979999999999999e+27	777917841842.28601	1832412307.0144565	0	-30.74297324203247	13069.963825101753	0	-4.1619155342735501e+23	-9.7945685747633934e+20	0	5.6830000000000001e+26	1433169361015.8489	1357135800.2005465	0	-9.1023376209699585	9679.9957307810073	0	-3.6896268493001943e+22	-3.4610513889017872e+19	0	8.6810000000000007e+25	2875309841524.7598	953359982.61396658	0	-2.2574820423003064	6799.9996285035631	0	-1.3978031994542959e+21	-4.6005143598292218e+17	0	1.0239999999999999e+26	4495479935196.7705	761285996.36796927	0	-0.92312295925872856	5429.9999223924988	0	-6.7423530720885015e+20	-1.1336673577318406e+17	0	7.3419999999999997e+22	149899626262.90561	4314603387.1052771	0	-1197.5216972209857	30720.350820165037	0	-6.1798547204415658e+20	-8.4633861645385974e+19	0
10	1.9890999999999999e+30	3186.3351468454844	12.256725627994999	0	0.042369201054857066	0.00024444222116124068	0	5.6097510962080839e+23	6.4716276306354069e+21	0	3.2849999999999999e+23	57904074257.302246	7172017469.5930223	0	-5842.6061644410656	47510.020034528949	0	-1.2712933941448242e+22	-1.5725311767081213e+21	0	4.8670000000000001e+24	107582789600.90947	5257903222.7964754	0	-1717.8870960452937	34978.099355486149	0	-5.5621888719958925e+22	-2.7149398285424405e+21	0	5.9720000000000003e+24	149533378362.14609	4472338719.6201859	0	-885.92528273255778	29767.682149289365	0	-3.5224484601911805e+22	-9.8052745930937978e+20	0	6.3899999999999998e+23	227363005804.17404	3624172138.5614758	0	-385.55303552865712	24126.930980408059	0	-1.6401313747719529e+21	-2.6112695483884757e+19	0	1.8979999999999999e+27	777917523229.32617	1963111918.2953947	0	-32.935762849950457	13069.958476645474	0	-4.1619138318445233e+23	-1.0494179203018865e+21	0	5.6830000000000001e+26	1433169266681.3523	1453935754.3254523	0	-9.7515768817949127	9679.9950995769777	0	-3.6896265914270561e+22	-3.7082692862302208e+19	0	8.6810000000000007e+25	2875309818128.7437	1021359978.6220337	0	-2.4185007260277951	6799.9995735778111	0	-1.3978031875237206e+21	-4.9291225282412781e+17	0	1.0239999999999999e+26	4495479925629.7402	815585995.53403425	0	-0.98896625090363122	5429.9999109182281	0	-6.7423530569165177e+20	-1.2146435987845622e+17	0	7.3419999999999997e+22	149887222246.89859	4621746713.6898432	0	-1281.5553706638702	30708.422204992668	0	-6.1598339077911282e+20	-9.0401480814690124e+19	0
10	1.9890999999999999e+30	3624.4101932998587	14.870906829573384	0	0.045189383686597716	0.00027808192438641123	0	5.6095017623158619e+23	6.9022813943096714e+21	0	3.2849999999999999e+23	57843675213.226196	7646867921.8965034	0	-6229.3983049153994	47460.531633825369	0	-1.2699435271211511e+22	-1.6767531388664556e+21	0	4.8670000000000001e+24	107565027915.19788	5607655110.2505608	0	-1832.1614696125368	34972.331586608991	0	-5.5612869894825629e+22	-2.8957847702900389e+21	0	5.9720000000000003e+24	149524218297.61258	4770006973.2046947	0	-944.90795065317718	29765.984209030048	0	-3.5224413048913485e+22	-1.046188099046727e+21	0	6.3899999999999998e+23	227359019372.08942	3865439316.0917263	0	-411.21996850367213	24126.508438165663	0	-1.6401029222947739e+21	-2.7853384386578944e+19	0	1.8979999999999999e+27	777917182688.47461	2093811474.2118893	0	-35.128551529317342	13069.952759585149	0	-4.1619120118450046e+23	-1.1193789538311386e+21	0	5.6830000000000001e+26	1433169165854.4636	1550735701.9164615	0	-10.400816095645611	9679.9944248716474	0	-3.6896263157471571e+22	-3.9554871713079738e+19	0	8.6810000000000007e+25	2875309793122.5415	1089359974.0615385	0	-2.5795194083325512	6799.9995148666867	0	-1.3978031747693014e+21	-5.2577306966154451e+17	0	1.0239999999999999e+26	4495479915404.2764	869885994.58132362	0	-1.0548095423951527	5429.9998986531746	0	-6.7423530406968859e+20	-1.2956198400879846e+17	0	7.3419999999999997e+22	149873979316.04401	4928766761.0884571	0	-1365.3073725080192	30695.711894269749	0	-6.1385227352983785e+20	-9.6112841121981661e+19	0
10	1.9890999999999999e+30	4090.6864125237371	17.832525576450802	0	0.048009436854330206	0.00031388630867392061	0	5.6092363852849112e+23	7.3327825178304761e+21	0	3.2849999999999999e+23	57779410390.060394	8121207315.9092264	0	-6615.7660770450166	47407.872395858416	0	-1.2685070441270284e+22	-1.7808563283528461e+21	0	4.8670000000000001e+24	107546123582.37126	5957347425.094552	0	-1946.4167025906538	34966.192274368579	0	-5.5603268927989328e+22	-3.0766004182053327e+21	0	5.9720000000000003e+24	149514468407.05362	5067657686.493516	0	-1003.890486228712	29764.176274657737	0	-3.5224326528451251e+22	-1.1119038298835364e+21	0	6.3899999999999998e+23	227354776272.99677	4106702129.2721639	0	-436.88644154461406	24126.058655336623	0	-1.6400726319599164e+21	-2.9594042748233302e+19	0	1.8979999999999999e+27	777916820219.74121	2224510971.0778999	0	-37.321339218188733	13069.946673920938	0	-4.1619100742750828e+23	-1.1893399561029165e+21	0	5.6830000000000001e+26	1433169058535.1829	1647535642.5385604	0	-11.05005525938874	9679.9937066650127	0	-3.6896260222605146e+22	-4.2027050433133486e+19	0	8.6810000000000007e+25	2875309766506.1528	1157359968.8946266	0	-2.7405380891196738	6799.9994523701907	0	-1.3978031611910362e+21	-5.5863388649481184e+17	0	1.0239999999999999e+26	4495479904520.3799	924185993.5019294	0	-1.1206528337230615	5429.9998855973372	0	-6.7423530234296009e+20	-1.3765960816587118e+17	0	7.3419999999999997e+22	149859900376.27094	5235655752.2344637	0	-1448.7602492863673	30682.227783715927	0	-6.1159388517294172e+20	-1.0176459860981714e+20	0
10	1.9890999999999999e+30	4585.1624687533185	21.163224681014526	0	0.0508293524955628	0.00035185458224414257	0	5.6089549770695447e+23	7.7631214878110347e+21	0	3.2849999999999999e+23	57711284165.902481	8595003962.0960102	0	-7001.6831305445176	47352.046050988371	0	-1.2669840546418232e+22	-1.8848333554065086e+21	0	4.8670000000000001e+24	107526076799.93535	6306976452.2084522	0	-2060.651598974096	34959.681480878258	0	-5.5593085910164607e+22	-3.2573849355767235e+21	0	5.9720000000000003e+24	149504128691.92627	5365289759.0661592	0	-1062.8728628349043	29762.258251362495	0	-3.5224223198206562e+22	-1.1776776382358141e+21	0	6.3899999999999998e+23	227350276511.64215	4347960305.6994104	0	-462.55242589027876	24125.5816324142	0	-1.6400405038004862e+21	-3.1334668652766269e+19	0	1.8979999999999999e+27	777916435823.13635	2355210405.2073884	0	-39.514125854620346	13069.94021965301	0	-4.1619080191348637e+23	-1.2593009251560042e+21	0	5.6830000000000001e+26	1433168944723.5107	1744335575.7567368	0	-11.699294369890978	9679.9929449570827	0	-3.6896257109671461e+22	-4.4499229014245712e+19	0	8.6810000000000007e+25	2875309738279.5762	1225359963.0834444	0	-2.9015567682942605	6799.9993860883224	0	-1.3978031467889306e+21	-5.9149470332356454e+17	0	1.0239999999999999e+26	4495479892978.0508	978485992.28794408	0	-1.1864961248771262	5429.9998717507169	0	-6.7423530051146639e+20	-1.4575723235133405e+17	0	7.3419999999999997e+22	149844988506.79581	5542405991.3234472	0	-1531.8967940287496	30667.978219361285	0	-6.0921007790640162e+20	-1.0735348383329863e+20	0
10	1.9890999999999999e+30	5107.8369456311866	24.88463879403287	0	0.053649122553999125	0.00039198590551827416	0	5.6086575503470783e+23	8.1932888020555693e+21	0	3.2849999999999999e+23	57639301182.179504	9068226209.3719673	0	-7387.1231494829253	47293.056554361996	0	-1.2653746747603824e+22	-1.9886768412023141e+21	0	4.8670000000000001e+24	107504887777.35489	6656538477.1126432	0	-2174.8649629495148	34952.799272024953	0	-5.5582320937613073e+22	-3.4381364859442897e+21	0	5.9720000000000003e+24	149493199153.96945	5662902089.5287485	0	-1121.8550506917065	29760.230039399128	0	-3.5224101133627813e+22	-1.2435124335012702e+21	0	6.3899999999999998e+23	227345520093.05908	4589213572.9751778	0	-488.21789277999562	24125.077369921604	0	-1.6400065378516137e+21	-3.307526018411604e+19	0	1.8979999999999999e+27	777916029498.67065	2485909772.9143214	0	-41.706911376667833	13069.933396781542	0	-4.1619058464244562e+23	-1.3292618590291501e+21	0	5.6830000000000001e+26	1433168824419.448	1841135501.1359777	0	-12.348533424018974	9679.9921397478611	0	-3.6896253818670663e+22	-4.6971407448197833e+19	0	8.6810000000000007e+25	2875309708442.813	1293359956.590138	0	-3.0625754457614107	6799.9993160210806	0	-1.3978031315629821e+21	-6.2435552014743091e+17	0	1.0239999999999999e+26	4495479880777.2891	1032785990.9314593	0	-1.2523394158471171	5429.9998571133128	0	-6.7423529857520802e+20	-1.5385485656684534e+17	0	7.3419999999999997e+22	149829246957.59793	5849009868.2639523	0	-1614.7000578443908	30652.971987219393	0	-6.0670278675709297e+20	-1.1287630436951546e+20	0
10	1.9890999999999999e+30	5658.7083462700966	29.018393926956236	0	0.05646873897990129	0.00043427939117628476	0	5.6083441185165812e+23	8.6232749702175449e+21	0	3.2849999999999999e+23	57563466343.293999	9540842447.3486195	0	-7772.0598542956286	47230.908085569674	0	-1.2636790271807555e+22	-2.0923794184934014e+21	0	4.8670000000000001e+24	107482556736.05165	7006029786.005619	0	-2289.0555989071563	34945.54571746858	0	-5.5570974112143051e+22	-3.6188532331149892e+21	0	5.9720000000000003e+24	149481679795.23639	5960493575.4653559	0	-1180.8370167294879	29758.091534218107	0	-3.5223958332505663e+22	-1.3094110458865461e+21	0	6.3899999999999998e+23	227340507022.56903	4830461658.7065544	0	-513.88281345366056	24124.54586841206	0	-1.6399707341504475e+21	-3.4815815426241544e+19	0	1.8979999999999999e+27	777915601246.35596	2616609070.5126624	0	-43.899695722386987	13069.926205306729	0	-4.1619035561439709e+23	-1.3992227557610577e+21	0	5.6830000000000001e+26	1433168697622.9946	1937935418.2412694	0	-12.997772418639405	9679.9912910373514	0	-3.6896250349602954e+22	-4.9443585726770545e+19	0	8.6810000000000007e+25	2875309676995.8633	1361359949.3768542	0	-3.2235941214262214	6799.9992421684665	0	-1.3978031155131924e+21	-6.572163369660329e+17	0	1.0239999999999999e+26	4495479867918.0938	1087085989.424567	0	-1.3181827066228018	5429.9998416851249	0	-6.7423529653418446e+20	-1.6195248081406253e+17	0	7.3419999999999997e+22	149812679146.78247	6155459863.0232668	0	-1697.1533608863169	30637.218302641926	0	-6.0407402500410166e+20	-1.1832994699075976e+20	0
10	1.9890999999999999e+30	6237.7750933204288	33.586106974814413	0	0.059288193730452382	0.00047873410421817329	0	5.6080146956975705e+23	9.0530705144563179e+21	0	3.2849999999999999e+23	57483784816.250053	10012821108.57654	0	-8156.4670037924889	47165.605048283047	0	-1.2618972411912044e+22	-2.1959337322521695e+21	0	4.8670000000000001e+24	107459083909.40263	7355446665.8017092	0	-2403.2223114522626	34937.92089064153	0	-5.5559045541108558e+22	-3.7995333411778268e+21	0	5.9720000000000003e+24	149469570618.12839	6258063113.3906116	0	-1239.8187244629451	29755.842626599708	0	-3.5223792719606506e+22	-1.3753762245740711e+21	0	6.3899999999999998e+23	227335237305.78043	5071704290.5063257	0	-539.54715915176678	24123.987128468762	0	-1.6399330927361634e+21	-3.6556332463124025e+19	0	1.8979999999999999e+27	777915151066.20374	2747308294.3163791	0	-46.092478829833674	13069.918645228769	0	-4.1619011482935321e+23	-1.4691836133903913e+21	0	5.6830000000000001e+26	1433168564334.1519	2034735326.6375995	0	-13.647011350618948	9679.9903988255501	0	-3.6896246702468502e+22	-5.1915763841743561e+19	0	8.6810000000000007e+25	2875309643938.7275	1429359941.4057381	0	-3.384612795193791	6799.9991645304808	0	-1.3978030986395632e+21	-6.9007715377898611e+17	0	1.0239999999999999e+26	4495479854400.4648	1141385987.7593598	0	-1.3840259971939506	5429.9998254661541	0	-6.7423529438839662e+20	-1.7005010509464173e+17	0	7.3419999999999997e+22	149795288657.83624	6461748549.8653488	0	-1779.2403026880825	30620.726799400811	0	-6.0132587954398482e+20	-1.2371137949811768e+20	0
10	1.9890999999999999e+30	6845.0355290412263	38.609385239743418	0	0.062107478770118414	0.00052534906202851832	0	5.6076692967286039e+23	9.4826659700921598e+21	0	3.2849999999999999e+23	57400262030.259453	10484130670.784203	0	-8540.3183971619055	47097.152069873089	0	-1.260029452656516e+22	-2.2993324403095692e+21	0	4.8670000000000001e+24	107434469542.73738	7704785404.168808	0	-2517.3639054164601	34929.924868748014	0	-5.5546535337409133e+22	-3.9801749745191208e+21	0	5.9720000000000003e+24	149456871625.42953	6555609598.7037182	0	-1298.8001338728043	29753.483202791023	0	-3.5223602151337555e+22	-1.4414106362305341e+21	0	6.3899999999999998e+23	227329710948.58994	5312941195.9932594	0	-565.2109011154364	24123.401150704893	0	-1.6398936136499522e+21	-3.829680937876797e+19	0	1.8979999999999999e+27	777914678958.22693	2878007440.6394401	0	-48.285260637063772	13069.910716547874	0	-4.1618986228732685e+23	-1.5391444299557666e+21	0	5.6830000000000001e+26	1433168424552.9202	2131535225.8899546	0	-14.296250216824278	9679.9894631124625	0	-3.6896242877267544e+22	-5.438794178489584e+19	0	8.6810000000000007e+25	2875309609271.4038	1497359932.638937	0	-3.5456314669692173	6799.9990831071227	0	-1.397803080942097e+21	-7.229379705859008e+17	0	1.0239999999999999e+26	4495479840224.4043	1195685985.9279296	0	-1.4498692875503314	5429.9998084563986	0	-6.7423529213784464e+20	-1.7814772941023814e+17	0	7.3419999999999997e+22	149777079236.78452	6767868601.4783287	0	-1860.9447718666895	30603.507518544386	0	-5.9846050622414547e+20	-1.290176522135115e+20	0
10	1.9890999999999999e+30	7480.4879153748852	44.109825955174529	0	0.064926586071009387	0.00057412323444432035	0	5.6073079371658154e+23	9.9120518862594292e+21	0	3.2849999999999999e+23	57312903676.327652	10954739659.112949	0	-8923.587875970572	47025.554001008801	0	-1.2580758040036132e+22	-2.4025682139925992e+21	0	4.8670000000000001e+24	107408713893.33614	8054042289.5660839	0	-2631.4791858691515	34921.557732763496	0	-5.5533443619488449e+22	-4.1607762978376306e+21	0	5.9720000000000003e+24	149443582820.34283	6853131925.6438274	0	-1357.7812012953461	29751.013144645185	0	-3.5223384420415412e+22	-1.5075168638537391e+21	0	6.3899999999999998e+23	227323927957.18149	5554172102.7923985	0	-590.87401058645298	24122.787935763601	0	-1.6398522969350257e+21	-4.003724425720243e+19	0	1.8979999999999999e+27	777914184922.43982	3008706505.7958193	0	-50.478041082133267	13069.90241926427	0	-4.1618959798833036e+23	-1.609105203495749e+21	0	5.6830000000000001e+26	1433168278279.3003	2228335115.563324	0	-14.945489014122083	9679.9884838980997	0	-3.6896238874000267e+22	-5.6860119548005261e+19	0	8.6810000000000007e+25	2875309572993.8936	1565359923.0385964	0	-3.7066501366576006	6799.9989978983922	0	-1.3978030624207916e+21	-7.5579878738637734e+17	0	1.0239999999999999e+26	4495479825389.9102	1249985983.9223685	0	-1.5157125776817146	5429.9997906558601	0	-6.7423528978252864e+20	-1.8624535376250534e+17	0	7.3419999999999997e+22	149758054789.25287	7073812792.9896908	0	-1942.2509551894016	30585.570897073871	0	-5.9548012517273344e+20	-1.3424589913335454e+20	0
10	1.9890999999999999e+30	8144.1304340254228	50.109015810718489	0	0.06774550761323965	0.00062505554382612054	0	5.6069306332814368e+23	1.0341218826558097e+22	0	3.2849999999999999e+23	57221715706.819717	11424616648.347843	0	-9306.2493261587715	46950.815915236359	0	-1.2560364442064857e+22	-2.5056337387599519e+21	0	4.8670000000000001e+24	107381817230.42702	8403213611.2816916	0	-2745.5669581289139	34912.81956743398	0	-5.5519770511334401e+22	-4.3413354761598649e+21	0	5.9720000000000003e+24	149429704206.52689	7150628987.2468166	0	-1416.7618793197319	29748.432329762218	0	-3.5223137260513666e+22	-1.5736974059564973e+21	0	6.3899999999999998e+23	227317888338.02698	5795396738.5353775	0	-616.53645880729221	24122.147484318055	0	-1.6398091426366122e+21	-4.1777635182482342e+19	0	1.8979999999999999e+27	777913668958.85461	3139405486.0994883	0	-52.670820103098237	13069.893753378181	0	-4.1618932193237932e+23	-1.6790659320488691e+21	0	5.6830000000000001e+26	1433168125513.2925	2325134995.222692	0	-15.594727739379044	9679.9874611824525	0	-3.6896234692666913e+22	-5.9332297122848752e+19	0	8.6810000000000007e+25	2875309535106.1973	1633359912.5668645	0	-3.8676688041640381	6799.9989089042901	0	-1.3978030430756515e+21	-7.8865960418001229e+17	0	1.0239999999999999e+26	4495479809896.9834	1304285981.7347696	0	-1.581555867577868	5429.9997720645379	0	-6.7423528732244836e+20	-1.9434297815309549e+17	0	7.3419999999999997e+22	149738219377.4426	7379574005.8674459	0	-2023.1433460056076	30566.92775648617	0	-5.9238701614979665e+20	-1.3939333874525022e+20	0
10	1.9890999999999999e+30	8835.9611865403476	56.628530477777616	0	0.070564235385287472	0.00067814486513239258	0	5.6065374020621168e+23	1.0770157369703115e+22	0	3.2849999999999999e+23	57126704335.006546	11893730265.144217	0	-9688.2766800309309	46872.943108539286	0	-1.2539115287704041e+22	-2.608521714835662e+21	0	4.8670000000000001e+24	107353779835.18385	8752295659.4704742	0	-2859.626027774882	34903.710461275346	0	-5.5505516142477458e+22	-4.5218506748552093e+21	0	5.9720000000000003e+24	149415235788.13364	7448099675.3034658	0	-1475.7421166930683	29745.740631630939	0	-3.5222858350861316e+22	-1.6399546760797526e+21	0	6.3899999999999998e+23	227311592097.88522	6036614830.8607206	0	-642.19821702115291	24121.479797071395	0	-1.6397641508019694e+21	-4.3517980238690148e+19	0	1.8979999999999999e+27	777913131067.48694	3270104377.8644261	0	-54.863597638014753	13069.884718889856	0	-4.1618903411948768e+23	-1.7490266136535918e+21	0	5.6830000000000001e+26	1433167966254.8979	2421934864.4330468	0	-16.243966389461853	9679.9863949655301	0	-3.6896230333267701e+22	-6.1804474501202174e+19	0	8.6810000000000007e+25	2875309495608.3145	1701359901.1858861	0	-4.0286874693936321	6799.9988161248148	0	-1.397803022906676e+21	-8.2152042096639117e+17	0	1.0239999999999999e+26	4495479793745.624	1358585979.3572249	0	-1.6473991572285616	5429.9997526824318	0	-6.742352847576046e+20	-2.0244060258366003e+17	0	7.3419999999999997e+22	149717577217.02411	7685145231.7062521	0	-2103.606752048644	30547.589291228374	0	-5.8918351394735063e+20	-1.4445727451545611e+20	0
10	1.9890999999999999e+30	9555.9781943961498	63.689934135918293	0	0.073382761384353831	0.00073339002599719235	0	5.6061282612073063e+23	1.1198858110171953e+22	0	3.2849999999999999e+23	57027876034.591064	12362049190.249722	0	-10069.643918241334	46791.941098879019	0	-1.2517012197154614e+22	-2.7112248578407116e+21	0	4.8670000000000001e+24	107324602000.72319	9101284725.1916523	0	-2973.6552006581414	34894.230506572698	0	-5.5490680647990649e+22	-4.70232005965123e+21	0	5.9720000000000003e+24	149400177569.84769	7745542880.3190937	0	-1534.72185823312	29742.937919771459	0	-3.5222545320768044e+22	-1.7062910026287719e+21	0	6.3899999999999998e+23	227305039243.80307	6277826107.4141293	0	-667.85925647198997	24120.78487475674	0	-1.6397173214803644e+21	-4.5258277509936439e+19	0	1.8979999999999999e+27	777912571248.35156	3400803177.4046097	0	-57.056373624939084	13069.875315799549	0	-4.161887345496698e+23	-1.8189872463483277e+21	0	5.6830000000000001e+26	1433167800504.1167	2518734722.7593746	0	-16.893204961237224	9679.9852852473396	0	-3.6896225795802906e+22	-6.4276651674840359e+19	0	8.6810000000000007e+25	2875309454500.2441	1769359888.8578067	0	-4.1897061322514801	6799.998719559967	0	-1.397803001913868e+21	-8.543812377450935e+17	0	1.0239999999999999e+26	4495479776935.8311	1412885976.7818265	0	-1.7132424466235645	5429.9997325095428	0	-6.74235282087998e+20	-2.1053822705584819e+17	0	7.3419999999999997e+22	149696132673.95651	7990519575.8978453	0	-2183.6263026158372	30527.56705710843	0	-5.8587200386239404e+20	-1.4943509505333468e+20	0
10	1.9890999999999999e+30	10304.179399087341	71.31477900003685	0	0.076201077616720264	0.00079078980681105652	0	5.6057032291275094e+23	1.1627311658849976e+22	0	3.2849999999999999e+23	56925237539.214653	12829542160.721659	0	-10450.325071774665	46707.815625716488	0	-1.2494056855594252e+22	-2.8137358994225029e+21	0	4.8670000000000001e+24	107294284032.10143	9450177100.4465179	0	-3087.6532829131111	34884.379799379451	0	-5.5475264168488419e+22	-4.8827417966488983e+21	0	5.9720000000000003e+24	149384529556.92621	8042957491.4745836	0	-1593.7010447485188	29740.024059877611	0	-3.5222195754051398e+22	-1.7727086290216419e+21	0	6.3899999999999998e+23	227298229783.11478	6519030295.8487873	0	-693.51954840454641	24120.062718137167	0	-1.6396686547230877e+21	-4.6998525080361787e+19	0	1.8979999999999999e+27	777911989501.46484	3531501881.0340214	0	-59.249148001927423	13069.865544107523	0	-4.161884232229422e+23	-1.8889478281714404e+21	0	5.6830000000000001e+26	1433167628260.9509	2615534569.7666659	0	-17.542443451571838	9679.9841320278774	0	-3.6896221080272723e+22	-6.67488286355369e+19	0	8.6810000000000007e+25	2875309411781.9873	1837359875.5447738	0	-4.3507247926426809	6799.9986192097485	0	-1.397802980097228e+21	-8.8724205451568909e+17	0	1.0239999999999999e+26	4495479759467.6055	1467185974.0006659	0	-1.7790857357526466	5429.9997115458691	0	-6.7423527931362777e+20	-2.1863585157130771e+17	0	7.3419999999999997e+22	149673890261.23761	8295690261.1855173	0	-2263.1874551385527	30506.872959705172	0	-5.8245491726795873e+20	-1.5432427396350355e+20	0
10	1.9890999999999999e+30	11080.562662219076	79.52460484835072	0	0.079019176098106089	0.00085034294080514323	0	5.6052623249424663e+23	1.2055508643673629e+22	0	3.2849999999999999e+23	56818795841.943642	13296177972.139496	0	-10830.294223921223	46620.572649514521	0	-1.2470251012999053e+22	-2.91604758788212e+21	0	4.8670000000000001e+24	107262826246.31241	9798969078.216114	0	-3201.6190809689292	34874.158439516708	0	-5.5459266850125687e+22	-5.063114052337794e+21	0	5.9720000000000003e+24	149368291755.23834	8340342396.5888538	0	-1652.6796129662805	29736.998913958949	0	-3.5221807193344598e+22	-1.8392097141410968e+21	0	6.3899999999999998e+23	227291163723.44223	6760227123.8256645	0	-719.17906406438328	24119.313328005774	0	-1.6396181505834452e+21	-4.8738721034137706e+19	0	1.8979999999999999e+27	777911385826.84265	3662200485.0666456	0	-61.441920707036196	13069.855403814043	0	-4.1618810013932077e+23	-1.9589083571612284e+21	0	5.6830000000000001e+26	1433167449525.4004	2712334405.019906	0	-18.19168185733238	9679.9829353071527	0	-3.6896216186677424e+22	-6.9221005375064367e+19	0	8.6810000000000007e+25	2875309367453.5444	1905359861.2089331	0	-4.5117434504723297	6799.9985150741568	0	-1.3978029574567588e+21	-9.2010287127774054e+17	0	1.0239999999999999e+26	4495479741340.9482	1521485971.0058355	0	-1.844929024605577	5429.9996897914125	0	-6.7423527643449472e+20	-2.2673347613168499e+17	0	7.3419999999999997e+22	149650854635.59164	8600650631.1028786	0	-2342.2760011570613	30485.519242819741	0	-5.7893472730429011e+20	-1.5912236939477385e+20	0
10	1.9890999999999999e+30	11885.125765603358	88.340938551247504	0	0.081837048854024083	0.00091204811413859847	0	5.6048055684792928e+23	1.2483439710271332e+22	0	3.2849999999999999e+23	56708558194.736397	13761925480.812218	0	-11209.525512246666	46530.218351221098	0	-1.2445596483958361e+22	-3.0181526887992268e+21	0	4.8670000000000001e+24	107230228972.28403	10147656952.498913	0	-3315.5514015608392	34863.566530572352	0	-5.5442688844597039e+22	-5.2434349936113741e+21	0	5.9720000000000003e+24	149351464171.3075	8637696482.0827274	0	-1711.6574954664236	29733.86234048173	0	-3.5221377144259047e+22	-1.9057963330731489e+21	0	6.3899999999999998e+23	227283841072.69473	7001416319.0138159	0	-744.83777469791107	24118.536705185619	0	-1.6395658091167602e+21	-5.0478863455468249e+19	0	1.8979999999999999e+27	777910760224.50208	3792898985.8164682	0	-63.634691678321822	13069.844894919397	0	-4.1618776529882364e+23	-2.028868831355938e+21	0	5.6830000000000001e+26	1433167264297.4663	2809134228.0840802	0	-18.840920175385584	9679.9816950851691	0	-3.6896211115017339e+22	-7.1693181885194011e+19	0	8.6810000000000007e+25	2875309321514.915	1973359845.8124316	0	-4.6727621056455337	6799.9984071531926	0	-1.3978029339924593e+21	-9.529636880308e+17	0	1.0239999999999999e+26	4495479722555.8574	1575785967.7894273	0	-1.9107723131721235	5429.9996672461721	0	-6.7423527345059922e+20	-2.3483110073862496e+17	0	7.3419999999999997e+22	149627030594.10025	8905394153.2975025	0	-2420.878071718294	30463.518477008478	0	-5.7531394471410932e+20	-1.6382702330221304e+20	0
10	1.9890999999999999e+30	12717.866411358782	97.78529360102425	0	0.084654687920136112	0.00097590396598913923	0	5.6043329802705056e+23	1.2911095522602074e+22	0	3.2849999999999999e+23	56594532107.890373	14226753605.980513	0	-11587.993130555918	46436.759131733779	0	-1.2420095147482919e+22	-3.1200439856546379e+21	0	4.8670000000000001e+24	107196492550.87532	10496237018.348457	0	-3429.4490517415684	34852.604179900256	0	-5.5425530309135726e+22	-5.4237027877822021e+21	0	5.9720000000000003e+24	149334046812.35275	8935018632.9442081	0	-1770.6346206234111	29730.614194508351	0	-3.5220903079384099e+22	-1.9724704781208582e+21	0	6.3899999999999998e+23	227276261839.06924	7242597609.0906839	0	-770.4956515524234	24117.732850529748	0	-1.6395116303803729e+21	-5.2218950428591251e+19	0	1.8979999999999999e+27	777910112694.46106	3923597379.5974793	0	-65.82746085384089	13069.834017423882	0	-4.1618741870146711e+23	-2.0988292487937432e+21	0	5.6830000000000001e+26	1433167072577.1494	2905934038.5241785	0	-19.490158402598144	9679.980411361923	0	-3.6896205865292705e+22	-7.4165358157695894e+19	0	8.6810000000000007e+25	2875309273966.0991	2041359829.3174145	0	-4.8337807580673902	6799.998295446856	0	-1.3978029097043341e+21	-9.8582450477441139e+17	0	1.0239999999999999e+26	4495479703112.334	1630085964.343534	0	-1.9766156014420562	5429.9996439101478	0	-6.7423527036194089e+20	-2.429287253937704e+17	0	7.3419999999999997e+22	149602423070.78204	9209914422.7404976	0	-2498.9801422174965	30440.883548235648	0	-5.715951138413143e+20	-1.6843596043417423e+20	0
10	1.9890999999999999e+30	13578.782222013833	107.8791696425486	0	0.087472085342606865	0.0010419090886468407	0	5.603844581552043e+23	1.3338466763591586e+22	0	3.2849999999999999e+23	56476725349.469772	14690631332.013401	0	-11965.671330851193	46340.20161134511	0	-1.2393748946806217e+22	-3.2217142804503598e+21	0	4.8670000000000001e+24	107161617334.87291	10844705571.911049	0	-3543.310838892703	34841.271498619346	0	-5.5407791406513115e+22	-5.6039156025972679e+21	0	5.9720000000000003e+24	149316039686.33087	9232307732.6951618	0	-1829.6109125541495	29727.254327834937	0	-3.5220382442103507e+22	-2.0392340600772682e+21	0	6.3899999999999998e+23	227268426031.05011	7483770721.7423859	0	-796.15266587612655	24116.901764921178	0	-1.6394556144336406e+21	-5.3958980037779472e+19	0	1.8979999999999999e+27	777909443236.73767	4054295662.7236729	0	-68.02022817164999	13069.822771327796	0	-4.1618706034727004e+23	-2.1687896075127643e+21	0	5.6830000000000001e+26	1433166874364.4509	3002733835.9051895	0	-20.139396535836816	9679.9790841374324	0	-3.6896200437503768e+22	-7.663753418433867e+19	0	8.6810000000000007e+25	2875309224807.0957	2109359811.6860292	0	-4.9947994076429989	6799.9981799551479	0	-1.3978028845923833e+21	-1.0186853215081087e+18	0	1.0239999999999999e+26	4495479683010.377	1684385960.6602478	0	-2.0424588894051454	5429.9996197833407	0	-6.7423526716852142e+20	-2.5102635009876301e+17	0	7.3419999999999997e+22	149577037133.12723	9514205164.8233776	0	-2576.5690367073835	30417.627646682336	0	-5.6778080881304083e+20	-1.729469870602007e+20	0
10	1.9890999999999999e+30	14467.870740613716	118.64405200487464	0	0.090289233178457107	0.0011100620276111139	0	5.6033403942611651e+23	1.3765544135765896e+22	0	3.2849999999999999e+23	56355145944.713737	15153527710.599316	0	-12342.534425283877	46240.552629169113	0	-1.236655988917913e+22	-3.3231563943270637e+21	0	4.8670000000000001e+24	107125603688.98798	11193058910.46336	0	-3657.1355707360744	34829.568601612744	0	-5.5389472305037254e+22	-5.7840716062531823e+21	0	5.9720000000000003e+24	149297442801.97937	9529562663.3593388	0	-1888.5862910721942	29723.782589126582	0	-3.5219812650209222e+22	-2.1060889097375779e+21	0	6.3899999999999998e+23	227260333657.40952	7724935384.6640291	0	-821.80878891817201	24116.043449272918	0	-1.6393977613379313e+21	-5.5698950367342166e+19	0	1.8979999999999999e+27	777908751851.35071	4184993831.5090437	0	-70.212993569805889	13069.811156631456	0	-4.1618669023625102e+23	-2.2387499055510478e+21	0	5.6830000000000001e+26	1433166669659.3716	3099533619.7921	0	-20.788634571968284	9679.9777134116976	0	-3.6896194831650927e+22	-7.9109709956889952e+19	0	8.6810000000000007e+25	2875309174037.9067	2177359792.8804212	0	-5.1558180542774608	6799.9980606780673	0	-1.3978028586566088e+21	-1.0515461382314147e+18	0	1.0239999999999999e+26	4495479662249.9873	1738685956.7316608	0	-2.1083021770511592	5429.9995948657488	0	-6.7423526387034004e+20	-2.5912397485524214e+17	0	7.3419999999999997e+22	149550877978.59076	9818260238.343935	0	-2653.631931701178	30393.764255745318	0	-5.6387362992406607e+20	-1.7735798945970533e+20	0
10	1.9890999999999999e+30	15385.129430830702	130.101411233844	0	0.093106123495915613	0.0011803612816908664	0	5.602820441034314e+23	1.4192318361882346e+22	0	3.2849999999999999e+23	56229802175.424721	15615411862.931314	0	-12718.556788099999	46137.819242549325	0	-1.2338530045657971e+22	-3.4243631681789698e+21	0	4.8670000000000001e+24	107088451989.8528	11541293332.450106	0	-3770.9220553451264	34817.495607526806	0	-5.5370573178551954e+22	-5.9641689674114516e+21	0	5.9720000000000003e+24	149278256168.86002	9826782305.4317265	0	-1947.5606716478285	29720.198824049832	0	-3.5219191099297014e+22	-2.1730367796343674e+21	0	6.3899999999999998e+23	227251984727.20667	7966091325.5599976	0	-847.46399192868864	24115.15790452795	0	-1.6393380711566352e+21	-5.7438859501626532e+19	0	1.8979999999999999e+27	777908038538.31982	4315691882.2675886	0	-72.405756986365461	13069.799173335188	0	-4.1618630836842965e+23	-2.3087101409465758e+21	0	5.6830000000000001e+26	1433166458461.9121	3196333389.7498946	0	-21.4378725078593	9679.9762991847074	0	-3.6896189047734429e+22	-8.1581885467115586e+19	0	8.6810000000000007e+25	2875309121658.5317	2245359772.8627353	0	-5.3168366978758792	6799.9979376156143	0	-1.3978028318970125e+21	-1.0844069549438432e+18	0	1.0239999999999999e+26	4495479640831.165	1792985952.5498643	0	-2.1741454643698659	5429.999569157374	0	-6.7423526046739713e+20	-2.672215996648448e+17	0	7.3419999999999997e+22	149523950931.05048	10122073638.38323	0	-2730.1563594981326	30369.307141257636	0	-5.5987620023928468e+20	-1.8166693218762775e+20	0
10	1.9890999999999999e+30	16330.555677078031	142.27270262570579	0	0.095922748374770314	0.0012528053031078217	0	5.6022847452048953e+23	1.4618780185557929e+22	0	3.2849999999999999e+23	56100702579.337837	16076252981.886244	0	-13093.712857579219	46032.008726447828	0	-1.2309661550885883e+22	-3.525327463265924e+21	0	4.8670000000000001e+24	107050162626.01701	11889405137.521639	0	-3884.6691011562966	34805.052638770147	0	-5.5351094206435928e+22	-6.1442058552137734e+21	0	5.9720000000000003e+24	149258479797.40198	10123965537.849239	0	-2006.533965373633	29716.502875402119	0	-3.5218515165929286e+22	-2.2400793459765548e+21	0	6.3899999999999998e+23	227243379249.78845	8207238272.1442595	0	-873.11824615881187	24114.245131659249	0	-1.6392765439551556e+21	-5.9178705525018993e+19	0	1.8979999999999999e+27	777907303297.66516	4446389811.3133154	0	-74.598518359385636	13069.786821439331	0	-4.1618591474382592e+23	-2.3786703117372637e+21	0	5.6830000000000001e+26	1433166240772.074	3293133145.343565	0	-22.087110340376579	9679.9748414564838	0	-3.6896183085754569e+22	-8.4054060706780086e+19	0	8.6810000000000007e+25	2875309067668.9697	2313359751.5951204	0	-5.4778553383433497	6799.9978107677889	0	-1.3978028043135961e+21	-1.1172677716448973e+18	0	1.0239999999999999e+26	4495479618753.9092	1847285948.1069515	0	-2.2399887513510364	5429.9995426582145	0	-6.7423525695969388e+20	-2.7531922452920781e+17	0	7.3419999999999997e+22	149496261437.23425	10425639499.076063	0	-2806.1302110623551	30344.270340959622	0	-5.5579116242951917e+20	-1.8587185613643864e+20	0
10	1.9890999999999999e+30	17304.14678462725	155.17936576178428	0	0.098739099906717961	0.0013273924976029961	0	5.6017333308010036e+23	1.5044920371894859e+22	0	3.2849999999999999e+23	55967855949.470551	16536020334.197748	0	-13467.977137966982	45923.128572815825	0	-1.2279956602867621e+22	-3.6260421618227211e+21	0	4.8670000000000001e+24	107010735997.94398	12237390626.571587	0	-3998.3755169803785	34792.239821512674	0	-5.5331035573601677e+22	-6.324180439297309e+21	0	5.9720000000000003e+24	149238113698.94595	10421111237.962694	0	-2065.5060789351382	29712.694583237764	0	-3.5217782210549904e+22	-2.3072182107698037e+21	0	6.3899999999999998e+23	227234517234.78946	8448375952.1406708	0	-898.77152286071782	24113.305131669727	0	-1.6392131798009035e+21	-6.0918486521946235e+19	0	1.8979999999999999e+27	777906546129.40735	4577087614.9602308	0	-76.791277626923403	13069.774100944229	0	-4.1618550936246024e+23	-2.448630415960952e+21	0	5.6830000000000001e+26	1433166016589.8584	3389932886.1380973	0	-22.736348066386881	9679.9733402270267	0	-3.6896176945711739e+22	-8.6526235667646824e+19	0	8.6810000000000007e+25	2875309012069.2207	2381359729.0397224	0	-5.6388739755849713	6799.9976801345911	0	-1.3978027759063623e+21	-1.1501285883340717e+18	0	1.0239999999999999e+26	4495479596018.2217	1901585943.395014	0	-2.3058320379844415	5429.9995153682721	0	-6.742352533472295e+20	-2.8341684944996371e+17	0	7.3419999999999997e+22	149467815063.12042	10728952096.277473	0	-2881.5417384877064	30318.668154246872	0	-5.5162117585466471e+20	-1.8997087641669648e+20	0
10	1.9890999999999999e+30	18305.899979729093	168.84282404422896	0	0.10155517019571278	0.0014041212245463103	0	5.6011662225430767e+23	1.5470729708103233e+22	0	3.2849999999999999e+23	55831271333.453201	16994683262.622875	0	-13841.324201399768	45811.186489945772	0	-1.224941746273785e+22	-3.7265001676655071e+21	0	4.8670000000000001e+24	106970172518.00697	12585246101.774448	0	-4112.0401120138959	34779.057285684466	0	-5.5310397470494436e+22	-6.5040908898099381e+21	0	5.9720000000000003e+24	149217157885.78833	10718218281.509956	0	-2124.4769145861405	29708.773784990317	0	-3.5216989580140973e+22	-2.3744549040990884e+21	0	6.3899999999999998e+23	227225398692.13147	8689504093.2832623	0	-924.42379328765333	24112.337905592325	0	-1.6391479787633068e+21	-6.2658200576877158e+19	0	1.8979999999999999e+27	777905767033.56812	4707785289.5223351	0	-78.984034727035919	13069.761011850236	0	-4.1618509222435402e+23	-2.5185904516554e+21	0	5.6830000000000001e+26	1433165785915.2656	3486732611.6984782	0	-23.38558568275695	9679.9717954963417	0	-3.6896170627606252e+22	-8.8998410341477351e+19	0	8.6810000000000007e+25	2875308954859.2861	2449359705.1586866	0	-5.7998926095058501	6799.9975457160217	0	-1.3978027466753127e+21	-1.1829894050108447e+18	0	1.0239999999999999e+26	4495479572624.1006	1955885938.4061444	0	-2.3716753242598481	5429.999487287545	0	-6.7423524963000412e+20	-2.9151447442874432e+17	0	7.3419999999999997e+22	149438617490.31586	11032005850.128313	0	-2956.3795570832426	30292.515132218279	0	-5.4736891390545743e+20	-1.9396218007550457e+20	0
10	1.9890999999999999e+30	19335.812409737828	183.28448423287563	0	0.10437095135831401	0.001482989797049327	0	5.6005834458414761e+23	1.5896199004120829e+22	0	3.2849999999999999e+23	55690958032.840431	17452211188.102119	0	-14213.728689823194	45696.190401804997	0	-1.2218046454522888e+22	-3.8266944067952061e+21	0	4.8670000000000001e+24	106928472610.48524	12932967866.623198	0	-4225.661695850471	34765.505164974813	0	-5.528918009309102e+22	-6.6839353774255867e+21	0	5.9720000000000003e+24	149195612371.22577	11015285542.59038	0	-2183.446370128237	29704.740315590923	0	-3.5216134610609714e+22	-2.4417908865491183e+21	0	6.3899999999999998e+23	227216023632.02383	8930622423.3165607	0	-950.07502869396728	24111.34345448991	0	-1.6390809409138084e+21	-6.4397845774324089e+19	0	1.8979999999999999e+27	777904966010.16907	4838482831.3136463	0	-81.176789597780484	13069.747554157717	0	-4.1618466332952865e+23	-2.5885504168583029e+21	0	5.6830000000000001e+26	1433165548748.2974	3583532321.5896964	0	-24.034823186353531	9679.9702072644341	0	-3.6896164131438445e+22	-9.1470584720031777e+19	0	8.6810000000000007e+25	2875308896039.1655	2517359679.9141607	0	-5.9609112400110851	6799.9974075120799	0	-1.3978027166204481e+21	-1.2158502216746862e+18	0	1.0239999999999999e+26	4495479548571.5469	2010185933.1324339	0	-2.437518610167027	5429.9994584160349	0	-6.7423524580801957e+20	-2.9961209946718003e+17	0	7.3419999999999997e+22	149408674512.41373	11334795327.522863	0	-3030.6326471152097	30265.826068044662	0	-5.4303706161455602e+20	-1.978440236771176e+20	0
10	1.9890999999999999e+30	20393.881143239112	198.52573598325097	0	0.10718643552403199	0.0015639964820810918	0	5.5999850267940308e+23	1.6321319093229891e+22	0	3.2849999999999999e+23	55546925602.403114	17908573611.912643	0	-14585.165316902718	45578.14844735105	0	-1.2185845964896106e+22	-3.9266178279979289e+21	0	4.8670000000000001e+24	106885636711.56013	13280552225.966892	0	-4339.2390784921772	34751.583596831071	0	-5.5267383642898704e+22	-6.8637120733594822e+21	0	5.9720000000000003e+24	149173477169.59973	11312311893.640362	0	-2242.4143388941216	29700.594007582564	0	-3.5215214628898479e+22	-2.509227551743989e+21	0	6.3899999999999998e+23	227206392064.96341	9171730669.9958572	0	-975.72520033514331	24110.321779455382	0	-1.6390120663258555e+21	-6.6137420198843974e+19	0	1.8979999999999999e+27	777904143059.23303	4969180236.6481819	0	-83.369542177214541	13069.733727867049	0	-4.1618422267800723e+23	-2.658510309607275e+21	0	5.6830000000000001e+26	1433165305088.9551	3680332015.376739	0	-24.684060574043375	9679.9685755313094	0	-3.6896157457208656e+22	-9.394275879506849e+19	0	8.6810000000000007e+25	2875308835608.8584	2585359653.2682877	0	-6.1219298670057807	6799.9972655227657	0	-1.3978026857417726e+21	-1.2487110383250545e+18	0	1.0239999999999999e+26	4495479523860.5596	2064485927.565975	0	-2.5033618956957473	5429.9994287537411	0	-6.7423524188127533e+20	-3.077097245668976e+17	0	7.3419999999999997e+22	149377992031.33768	11637315244.481901	0	-3104.2903552428411	30238.615987675566	0	-5.3862831354509682e+20	-2.016147307644097e+20	0
10	1.9890999999999999e+30	21480.103170181206	214.58795138575186	0	0.11000161483567322	0.0016471395005870724	0	5.5993709921834786e+23	1.6746080832670705e+22	0	3.2849999999999999e+23	55399183849.401634	18363740117.814659	0	-14955.608869926798	45457.068979828742	0	-1.2152818442926752e+22	-4.0262634034421909e+21	0	4.8670000000000001e+24	106841665269.31082	13627995486.048187	0	-4452.7710703609164	34737.292722457525	0	-5.5245008326953903e+22	-7.0434191493834127e+21	0	5.9720000000000003e+24	149150752296.34094	11609296205.410019	0	-2301.3807097341701	29696.334691229895	0	-3.521422695480965e+22	-2.5767662289792386e+21	0	6.3899999999999998e+23	227196504001.73444	9412828561.0875378	0	-1001.3742794678304	24109.272881611585	0	-1.6389413550749136e+21	-6.7876921935040111e+19	0	1.8979999999999999e+27	777903298180.78284	5099877501.8399639	0	-85.562292403395588	13069.719532978621	0	-4.1618377026981224e+23	-2.7284701279398543e+21	0	5.6830000000000001e+26	1433165054937.239	3777131692.6245933	0	-25.333297842693252	9679.9669002969731	0	-3.6896150604917319e+22	-9.6414932558344667e+19	0	8.6810000000000007e+25	2875308773568.3638	2653359625.1832175	0	-6.2829484903950341	6799.9971197480791	0	-1.3978026540392881e+21	-1.281571854961397e+18	0	1.0239999999999999e+26	4495479498491.1396	2118785921.6988604	0	-2.5692051808357821	5429.9993983006634	0	-6.7423523784977154e+20	-3.1580734972952237e+17	0	7.3419999999999997e+22	149346576053.67099	11939560468.434561	0	-3177.3423956862825	30210.900140898306	0	-5.3414537196400083e+20	-2.0527268922793548e+20	0
